{
  "version": "2023.2",
  "applications": [],
  "platforms": [
    {
      "name": "cmods7_wrapper"
    }
  ],
  "systems": [
    {
      "name": "test_system",
      "platform": "C:/hdl_projects/cmod_s7_reddit/wksp/cmods7_wrapper/export/cmods7_wrapper/cmods7_wrapper.xpfm",
      "sysConfig": "cmods7_wrapper",
      "buildConfig": "Debug",
      "applications": [
        {
          "name": "test",
          "platform": "C:/hdl_projects/cmod_s7_reddit/wksp/cmods7_wrapper/export/cmods7_wrapper/cmods7_wrapper.xpfm",
          "platformPath": "C:\\hdl_projects\\cmod_s7_reddit\\wksp\\cmods7_wrapper\\export\\cmods7_wrapper",
          "sysConfig": "cmods7_wrapper",
          "domain": "standalone_microblaze_0",
          "system": "test_system"
        }
      ],
      "platformPath": "C:\\hdl_projects\\cmod_s7_reddit\\wksp\\cmods7_wrapper\\export\\cmods7_wrapper"
    }
  ],
  "others": []
}